vehid,orderid,time,longitude,latitude
1,11811,1477960035,104.062,30.72328
1,11811,1477960040,104.062,30.72325
1,11811,1477960043,104.062,30.72318
1,11811,1477960046,104.062,30.72318
1,11811,1477960049,104.062,30.72318
1,11811,1477960052,104.062,30.72325
1,11811,1477960055,104.062,30.72323
1,11811,1477960058,104.062,30.72322
1,11811,1477960061,104.062,30.72319
1,11811,1477960064,104.062,30.72319
1,11811,1477960067,104.062,30.72319
1,11811,1477960070,104.062,30.7232
1,11811,1477960073,104.062,30.7232
1,11811,1477960076,104.062,30.7232
1,11811,1477960079,104.062,30.72322
1,11811,1477960082,104.062,30.72325
1,11811,1477960085,104.062,30.72328
1,11811,1477960088,104.062,30.72328
1,11811,1477960089,104.062,30.72329
1,11811,1477960091,104.062,30.7233
1,11811,1477960094,104.062,30.72334
1,11811,1477960097,104.062,30.72341
1,11811,1477960102,104.062,30.72348
1,11811,1477960104,104.06201,30.72373
1,11811,1477960106,104.06201,30.72388
1,11811,1477960109,104.06201,30.72404
1,11811,1477960112,104.06203,30.72436
1,11811,1477960115,104.06204,30.72462
1,11811,1477960118,104.06206,30.72484
1,11811,1477960121,104.06212,30.72497
1,11811,1477960124,104.06226,30.72495
1,11811,1477960127,104.06246,30.72493
1,11811,1477960130,104.06276,30.7249
1,11811,1477960133,104.06319,30.72485
1,11811,1477960136,104.06342,30.72482
1,11811,1477960139,104.06366,30.72479
1,11811,1477960142,104.06388,30.72477
1,11811,1477960145,104.06415,30.72474
1,11811,1477960169,104.06439,30.72471
1,11811,1477960170,104.06467,30.72467
1,11811,1477960229,104.07259,30.72367
1,11811,1477960232,104.0729,30.72363
1,11811,1477960235,104.07315,30.7236
1,11811,1477960238,104.07344,30.72356
1,11811,1477960241,104.07366,30.72353
1,11811,1477960244,104.07387,30.72349
1,11811,1477960247,104.07411,30.72345
1,11811,1477960250,104.07435,30.72341
1,11811,1477960253,104.07459,30.72338
1,11811,1477960256,104.0749,30.72332
1,11811,1477960259,104.07513,30.72328
1,11811,1477960262,104.07539,30.72322
1,11811,1477960265,104.07567,30.72317
1,11811,1477960268,104.07592,30.72312
1,11811,1477960271,104.07625,30.72304
1,11811,1477960274,104.07664,30.72295
1,11811,1477960277,104.07699,30.72286
1,11811,1477960280,104.07733,30.72276
1,11811,1477960283,104.07769,30.72267
1,11811,1477960286,104.07806,30.72257
1,11811,1477960289,104.0785,30.72246
1,11811,1477960292,104.07896,30.72233
1,11811,1477960295,104.07934,30.72223
1,11811,1477960298,104.07969,30.72213
1,11811,1477960301,104.08016,30.72201
1,11811,1477960304,104.08053,30.72191
1,11811,1477960307,104.0809,30.72181
1,11811,1477960310,104.08128,30.7217
1,11811,1477960313,104.08166,30.7216
1,11811,1477960316,104.08193,30.72152
1,11811,1477960319,104.08225,30.72144
1,11811,1477960322,104.0826,30.72135
1,11811,1477960325,104.083,30.72124
1,11811,1477960328,104.08322,30.72119
1,11811,1477960331,104.08349,30.72111
1,11811,1477960334,104.0838,30.72103
1,11811,1477960337,104.08415,30.72094
1,11811,1477960340,104.08452,30.72084
1,11811,1477960343,104.08483,30.72076
1,11811,1477960346,104.0853,30.72063
1,11811,1477960349,104.0858,30.7205
1,11811,1477960352,104.08627,30.72037
1,11811,1477960355,104.0867,30.72025
1,11811,1477960358,104.08719,30.72013
1,11811,1477960361,104.08765,30.72
1,11811,1477960364,104.08818,30.71986
1,11811,1477960367,104.08854,30.71978
1,11811,1477960370,104.08896,30.71968
1,11811,1477960373,104.08935,30.71959
1,11811,1477960376,104.08976,30.71951
1,11811,1477960382,104.0905,30.71939
1,11811,1477960385,104.09083,30.71935
1,11811,1477960388,104.09116,30.7193
1,11811,1477960391,104.09144,30.71926
1,11811,1477960394,104.09175,30.71923
1,11811,1477960397,104.09213,30.71919
1,11811,1477960400,104.09255,30.71916
1,11811,1477960403,104.09295,30.71912
1,11811,1477960406,104.09336,30.71911
1,11811,1477960409,104.09383,30.71909
1,11811,1477960412,104.09426,30.71907
1,11811,1477960415,104.09462,30.71906
1,11811,1477960418,104.09503,30.71904
1,11811,1477960421,104.09539,30.71902
1,11811,1477960424,104.09571,30.71901
1,11811,1477960430,104.09655,30.71897
1,11811,1477960433,104.09706,30.71895
1,11811,1477960436,104.09759,30.71893
1,11811,1477960439,104.09815,30.71891
1,11811,1477960442,104.09865,30.71888
1,11811,1477960445,104.09922,30.71886
1,11811,1477960448,104.09977,30.71883
1,11811,1477960451,104.10022,30.71881
1,11811,1477960454,104.10065,30.7189
1,11811,1477960457,104.10095,30.71892
1,11811,1477960460,104.10128,30.7189
1,11811,1477960463,104.10155,30.71889
1,11811,1477960466,104.10191,30.71888
1,11811,1477960469,104.10236,30.71886
1,11811,1477960472,104.10282,30.71884
1,11811,1477960475,104.10336,30.71881
1,11811,1477960478,104.1039,30.71879
1,11811,1477960481,104.10447,30.71877
1,11811,1477960484,104.10498,30.71874
1,11811,1477960487,104.10551,30.71871
1,11811,1477960490,104.10614,30.71864
1,11811,1477960493,104.10671,30.71857
1,11811,1477960496,104.10743,30.71848
1,11811,1477960499,104.10815,30.71839
1,11811,1477960502,104.10888,30.7183
1,11811,1477960505,104.10958,30.71822
1,11811,1477960508,104.11028,30.71814
1,11811,1477960511,104.11107,30.71805
1,11811,1477960514,104.11191,30.71794
1,11811,1477960520,104.11358,30.71773
1,11811,1477960523,104.11437,30.71764
1,11811,1477960526,104.11519,30.71755
1,11811,1477960529,104.11595,30.71746
1,11811,1477960535,104.11765,30.71725
1,11811,1477960538,104.11844,30.71715
1,11811,1477960541,104.11925,30.71704
1,11811,1477960547,104.12085,30.71678
1,11811,1477960553,104.12239,30.71653
1,11811,1477960556,104.1231,30.71642
1,11811,1477960559,104.12378,30.7163
1,11811,1477960562,104.12443,30.71618
1,11811,1477960565,104.12501,30.71608
1,11811,1477960568,104.12566,30.71599
1,11811,1477960571,104.12632,30.71589
1,11811,1477960574,104.12694,30.7158
1,11811,1477960577,104.12755,30.71571
1,11811,1477960580,104.12821,30.71556
1,11811,1477960583,104.12882,30.71541
2,85979,1477990802,104.07643,30.71182
2,85979,1477990805,104.07644,30.71199
2,85979,1477990808,104.07645,30.7122
2,85979,1477990811,104.07646,30.71236
2,85979,1477990814,104.07646,30.71238
2,85979,1477990817,104.07646,30.71242
2,85979,1477990820,104.07646,30.71242
2,85979,1477990823,104.07646,30.71242
2,85979,1477990826,104.07646,30.71242
2,85979,1477990829,104.07646,30.71242
2,85979,1477990832,104.07646,30.71242
2,85979,1477990835,104.07646,30.71242
2,85979,1477990838,104.07646,30.71242
2,85979,1477990841,104.07647,30.71244
2,85979,1477990844,104.07647,30.71253
2,85979,1477990850,104.07649,30.71279
2,85979,1477990853,104.0765,30.71291
2,85979,1477990856,104.07651,30.713
2,85979,1477990859,104.07635,30.71318
2,85979,1477990862,104.07615,30.7133
2,85979,1477990868,104.07568,30.71359
2,85979,1477990871,104.07524,30.71388
2,85979,1477990874,104.07485,30.71411
2,85979,1477990877,104.0745,30.71433
2,85979,1477990880,104.07418,30.71454
2,85979,1477990883,104.0739,30.71472
2,85979,1477990886,104.07365,30.71487
2,85979,1477990892,104.07293,30.71529
2,85979,1477990895,104.07253,30.71553
2,85979,1477990898,104.07213,30.71577
2,85979,1477990901,104.07175,30.71598
2,85979,1477990904,104.07143,30.71615
2,85979,1477990907,104.07118,30.71628
2,85979,1477990910,104.07103,30.71636
2,85979,1477990913,104.07095,30.71639
2,85979,1477990916,104.07092,30.71641
2,85979,1477990922,104.07091,30.71641
2,85979,1477990925,104.07091,30.71642
2,85979,1477990931,104.07091,30.71642
2,85979,1477990934,104.07091,30.71642
2,85979,1477990937,104.07091,30.71642
2,85979,1477990940,104.07091,30.71642
2,85979,1477990943,104.07091,30.71642
2,85979,1477990946,104.07091,30.71642
2,85979,1477990949,104.07091,30.71642
2,85979,1477990952,104.07086,30.71644
2,85979,1477990955,104.0707,30.71653
2,85979,1477990958,104.07046,30.71665
2,85979,1477990961,104.07016,30.7168
2,85979,1477990964,104.06982,30.71697
2,85979,1477990967,104.06949,30.71714
2,85979,1477990970,104.06915,30.71732
2,85979,1477990973,104.06879,30.71749
2,85979,1477990976,104.06846,30.71766
2,85979,1477990979,104.06821,30.71779
2,85979,1477990982,104.06766,30.71805
2,85979,1477990985,104.06724,30.71825
2,85979,1477990988,104.06684,30.71845
2,85979,1477990991,104.06645,30.71863
2,85979,1477990994,104.06608,30.71882
2,85979,1477991000,104.06532,30.71919
2,85979,1477991003,104.06491,30.71939
2,85979,1477991006,104.06451,30.71959
2,85979,1477991009,104.06406,30.71982
2,85979,1477991012,104.06362,30.72005
2,85979,1477991015,104.06317,30.72027
2,85979,1477991018,104.06255,30.72058
2,85979,1477991021,104.06226,30.72072
2,85979,1477991024,104.06182,30.72093
2,85979,1477991027,104.06137,30.72114
2,85979,1477991030,104.06093,30.72135
2,85979,1477991033,104.06052,30.72155
2,85979,1477991036,104.0602,30.72169
2,85979,1477991039,104.05999,30.72179
2,85979,1477991042,104.0598,30.72196
2,85979,1477991045,104.05956,30.72207
2,85979,1477991048,104.05934,30.72215
2,85979,1477991051,104.05919,30.72221
2,85979,1477991054,104.0591,30.72224
2,85979,1477991057,104.05902,30.72227
2,85979,1477991060,104.059,30.72227
2,85979,1477991063,104.05896,30.72229
2,85979,1477991066,104.05896,30.72229
2,85979,1477991069,104.05896,30.72229
2,85979,1477991072,104.05896,30.72229
2,85979,1477991075,104.05896,30.72229
2,85979,1477991081,104.05896,30.72229
2,85979,1477991084,104.05896,30.72229
2,85979,1477991087,104.05896,30.72229
2,85979,1477991093,104.05896,30.72229
2,85979,1477991096,104.05895,30.72229
2,85979,1477991099,104.0589,30.72231
2,85979,1477991102,104.05881,30.72234
2,85979,1477991105,104.0587,30.72238
2,85979,1477991108,104.05863,30.72241
2,85979,1477991111,104.05855,30.72243
2,85979,1477991114,104.05833,30.72253
2,85979,1477991117,104.05832,30.72266
2,85979,1477991120,104.05832,30.72275
2,85979,1477991123,104.05832,30.72311
2,85979,1477991126,104.05832,30.72332
2,85979,1477991129,104.05832,30.72368
2,85979,1477991132,104.05833,30.72408
2,85979,1477991135,104.05833,30.72434
2,85979,1477991138,104.05834,30.72475
2,85979,1477991141,104.05835,30.7253
2,85979,1477991144,104.05838,30.72572
2,85979,1477991153,104.05838,30.72614
2,85979,1477991156,104.0584,30.72741
2,47300,1477960866,104.09131,30.68458
2,47300,1477960869,104.09127,30.6846
2,47300,1477960872,104.09127,30.6846
2,47300,1477960875,104.09131,30.68458
2,47300,1477960878,104.09131,30.68458
2,47300,1477960881,104.09131,30.68458
2,47300,1477960884,104.09131,30.68458
2,47300,1477960887,104.09131,30.68458
2,47300,1477960890,104.09131,30.68458
2,47300,1477960893,104.09131,30.68458
2,47300,1477960896,104.09125,30.68461
2,47300,1477960899,104.09125,30.68461
2,47300,1477960902,104.09125,30.68461
2,47300,1477960905,104.09125,30.68461
2,47300,1477960908,104.09125,30.68461
2,47300,1477960911,104.09125,30.68461
2,47300,1477960914,104.09125,30.68461
2,47300,1477960917,104.09132,30.68458
2,47300,1477960920,104.09142,30.68453
2,47300,1477960923,104.09151,30.68449
2,47300,1477960926,104.0917,30.6844
2,47300,1477960929,104.09186,30.68432
2,47300,1477960932,104.09199,30.68441
2,47300,1477960935,104.09205,30.68449
2,47300,1477960938,104.09209,30.68455
2,47300,1477960941,104.09224,30.68479
2,47300,1477960944,104.09239,30.68501
2,47300,1477960947,104.09254,30.68524
2,47300,1477960950,104.09269,30.68547
2,47300,1477960953,104.09279,30.68562
2,47300,1477960956,104.09292,30.68583
2,47300,1477960959,104.09306,30.68603
2,47300,1477960962,104.09319,30.68622
2,47300,1477960965,104.09331,30.68642
2,47300,1477960968,104.09348,30.68666
2,47300,1477960971,104.09361,30.68685
2,47300,1477960974,104.09373,30.68704
2,47300,1477960977,104.09385,30.68723
2,47300,1477960980,104.09397,30.68741
2,47300,1477960983,104.09405,30.68754
2,47300,1477960986,104.09417,30.68772
2,47300,1477960989,104.09426,30.68788
2,47300,1477960992,104.09433,30.68799
2,47300,1477960995,104.09438,30.68807
2,47300,1477960998,104.09441,30.68814
2,47300,1477961001,104.09449,30.68827
2,47300,1477961004,104.09453,30.68835
2,47300,1477961007,104.09457,30.6884
2,47300,1477961010,104.0946,30.68846
2,47300,1477961013,104.09464,30.68853
2,47300,1477961016,104.0947,30.68863
2,47300,1477961019,104.09477,30.68875
2,47300,1477961022,104.09483,30.68887
2,47300,1477961025,104.09485,30.68891
2,47300,1477961028,104.09485,30.68891
2,47300,1477961031,104.09485,30.68891
2,47300,1477961034,104.09485,30.68891
2,47300,1477961037,104.09485,30.68891
2,47300,1477961040,104.09485,30.68891
2,47300,1477961043,104.09485,30.68891
2,47300,1477961046,104.09485,30.68891
2,47300,1477961049,104.09485,30.68891
2,47300,1477961052,104.09485,30.68891
2,47300,1477961055,104.09485,30.68891
2,47300,1477961058,104.09485,30.68891
2,47300,1477961061,104.09485,30.68891
2,47300,1477961064,104.09485,30.68891
2,47300,1477961067,104.09485,30.68891
2,47300,1477961070,104.09485,30.68891
2,47300,1477961076,104.09485,30.68891
2,47300,1477961079,104.09485,30.68891
2,47300,1477961082,104.09485,30.68891
2,47300,1477961085,104.09485,30.68891
2,47300,1477961088,104.09485,30.68891
2,47300,1477961091,104.09485,30.68891
2,47300,1477961094,104.09485,30.68891
2,47300,1477961097,104.09485,30.68891
2,47300,1477961100,104.09485,30.68891
2,47300,1477961103,104.09485,30.68891
2,47300,1477961106,104.09485,30.68891
2,47300,1477961109,104.09485,30.68891
2,47300,1477961112,104.09485,30.68891
2,47300,1477961115,104.09485,30.68891
2,47300,1477961118,104.0949,30.689
2,47300,1477961121,104.0949,30.689
2,47300,1477961124,104.09494,30.68907
2,47300,1477961127,104.09496,30.6891
2,47300,1477961130,104.09497,30.68911
2,47300,1477961133,104.09497,30.68912
2,47300,1477961136,104.09474,30.68951
2,47300,1477961139,104.09461,30.68958
2,47300,1477961142,104.0943,30.68973
2,47300,1477961145,104.094,30.68987
2,47300,1477961148,104.0938,30.68998
2,47300,1477961151,104.09333,30.69021
2,47300,1477961154,104.09291,30.69041
2,47300,1477961157,104.09265,30.69054
2,47300,1477961160,104.09239,30.69067
2,47300,1477961163,104.09239,30.69067
2,47300,1477961166,104.09239,30.69067
2,47300,1477961169,104.09239,30.69067
2,47300,1477961172,104.09239,30.69067
2,47300,1477961175,104.09239,30.69067
2,47300,1477961178,104.09239,30.69067
2,47300,1477961181,104.09239,30.69067
2,47300,1477961184,104.09239,30.69067
2,47300,1477961196,104.09043,30.69168
2,47300,1477961199,104.09043,30.69168
2,47300,1477961208,104.09043,30.69168
2,47300,1477961211,104.09031,30.69174
2,47300,1477961214,104.09023,30.69179
2,47300,1477961217,104.09012,30.69184
2,47300,1477961221,104.08998,30.69191
2,47300,1477961224,104.08986,30.69197
2,47300,1477961227,104.08962,30.69209
2,47300,1477961230,104.08932,30.69224
2,47300,1477961233,104.08913,30.69233
2,47300,1477961236,104.08895,30.69243
2,47300,1477961239,104.08876,30.69251
2,47300,1477961242,104.08852,30.69262
2,47300,1477961245,104.08826,30.69275
2,47300,1477961248,104.08801,30.69287
2,47300,1477961251,104.08772,30.69301
2,47300,1477961254,104.08745,30.69315
2,47300,1477961257,104.08715,30.6933
2,47300,1477961260,104.08694,30.69341
2,47300,1477961263,104.08665,30.69355
2,47300,1477961266,104.08623,30.69375
2,47300,1477961269,104.08586,30.69393
2,47300,1477961275,104.08511,30.6943
2,47300,1477961278,104.08472,30.69445
2,47300,1477961281,104.08433,30.69456
2,47300,1477961284,104.08395,30.69463
2,47300,1477961287,104.08369,30.69466
2,47300,1477961290,104.08329,30.69468
2,47300,1477961293,104.08279,30.69468
2,47300,1477961296,104.08244,30.69468
2,47300,1477961299,104.08212,30.69468
2,47300,1477961302,104.08185,30.69468
2,47300,1477961305,104.08165,30.69468
2,47300,1477961308,104.08151,30.69477
2,47300,1477961311,104.08149,30.69501
2,47300,1477961314,104.0815,30.6953
2,47300,1477961317,104.08152,30.6956
2,47300,1477961320,104.08154,30.69591
2,47300,1477961323,104.08156,30.69623
2,47300,1477961326,104.08158,30.69645
2,47300,1477961329,104.08158,30.69686
2,47300,1477961332,104.08156,30.69721
2,47300,1477961335,104.08159,30.69755
2,47300,1477961338,104.08159,30.69791
2,47300,1477961341,104.08156,30.6983
2,47300,1477961344,104.0815,30.69872
2,47300,1477961347,104.08146,30.69899
2,47300,1477961350,104.08138,30.69958
2,47300,1477961353,104.08131,30.70003
2,47300,1477961356,104.08124,30.70051
2,47300,1477961359,104.08115,30.70097
2,47300,1477961362,104.08107,30.70144
2,47300,1477961365,104.08097,30.7019
2,47300,1477961368,104.08084,30.70232
2,47300,1477961371,104.08072,30.70273
2,47300,1477961374,104.0806,30.70314
2,47300,1477961377,104.08049,30.70356
2,47300,1477961380,104.08037,30.704
2,47300,1477961383,104.08025,30.70444
2,47300,1477961386,104.08012,30.70488
2,47300,1477961389,104.07999,30.70533
2,47300,1477961392,104.07988,30.70577
2,47300,1477961398,104.07959,30.70682
2,47300,1477961401,104.07944,30.70725
2,47300,1477961404,104.07932,30.70752
2,47300,1477961407,104.07911,30.70791
2,47300,1477961410,104.07887,30.70827
2,47300,1477961413,104.07862,30.70861
2,47300,1477961416,104.07832,30.70894
2,47300,1477961419,104.078,30.70925
2,47300,1477961422,104.07765,30.70955
2,47300,1477961425,104.07713,30.70991
2,47300,1477961428,104.07675,30.71021
2,47300,1477961431,104.07649,30.71039
2,47300,1477961434,104.0761,30.71067
2,47300,1477961437,104.07569,30.71097
2,47300,1477961440,104.07535,30.71127
2,47300,1477961443,104.07501,30.71161
2,47300,1477961446,104.0747,30.71198
2,47300,1477961449,104.07443,30.71237
2,47300,1477961452,104.07414,30.71291
2,47300,1477961455,104.07398,30.71333
2,47300,1477961458,104.07389,30.71364
2,47300,1477961461,104.0738,30.71408
2,47300,1477961464,104.07374,30.71452
2,47300,1477961467,104.07374,30.71501
2,47300,1477961470,104.07378,30.71545
2,47300,1477961473,104.07387,30.71605
2,47300,1477961476,104.07395,30.71648
2,47300,1477961479,104.07401,30.7169
2,47300,1477961482,104.07405,30.71716
2,47300,1477961485,104.07412,30.71754
2,47300,1477961488,104.07418,30.71791
2,47300,1477961491,104.07424,30.71826
2,47300,1477961494,104.07429,30.71859
2,47300,1477961497,104.07435,30.71892
2,47300,1477961500,104.07442,30.71937
2,47300,1477961503,104.07447,30.71968
2,47300,1477961506,104.0745,30.71989
2,47300,1477961509,104.07456,30.72017
2,47300,1477961512,104.07472,30.72046
2,47300,1477961515,104.07478,30.72075
2,47300,1477961518,104.07484,30.72105
2,47300,1477961521,104.0749,30.72137
2,47300,1477961524,104.07496,30.72178
2,47300,1477961527,104.075,30.72208
2,47300,1477961530,104.07505,30.72235
2,47300,1477961533,104.07509,30.72251
2,47300,1477961536,104.07525,30.72271
2,47300,1477961539,104.07551,30.72284
2,47300,1477961542,104.0758,30.72293
2,47300,1477961545,104.07599,30.72294
2,47300,1477961548,104.07636,30.72295
2,47300,1477961551,104.07665,30.72294
2,47300,1477961554,104.07694,30.72287
2,47300,1477961557,104.07721,30.7228
2,47300,1477961560,104.07748,30.72272
2,47300,1477961563,104.07769,30.72267
2,47300,1477961566,104.07801,30.72258
2,47300,1477961569,104.07835,30.7225
2,47300,1477961572,104.07872,30.7224
2,47300,1477961575,104.07909,30.7223
2,47300,1477961578,104.07944,30.72203
2,47300,1477961581,104.07993,30.72183
2,47300,1477961584,104.08031,30.72173
2,47300,1477961587,104.08067,30.72162
2,47300,1477961590,104.08089,30.72156
2,47300,1477961593,104.08122,30.72145
2,47300,1477961596,104.08149,30.72135
2,47300,1477961599,104.08175,30.7213
2,47300,1477961602,104.08204,30.72135
2,47300,1477961605,104.08227,30.72151
2,47300,1477961608,104.08241,30.72177
2,47300,1477961611,104.08229,30.72217
2,47300,1477961614,104.08203,30.72235
2,47300,1477961617,104.08168,30.72243
2,47300,1477961620,104.08146,30.72245
2,47300,1477961623,104.08111,30.7225
2,47300,1477961626,104.08074,30.72257
2,47300,1477961629,104.08036,30.72267
2,47300,1477961632,104.07993,30.72271
2,47300,1477961635,104.07955,30.7227
2,47300,1477961638,104.07908,30.72282
2,47300,1477961641,104.07874,30.72291
2,47300,1477961644,104.07841,30.723
2,47300,1477961647,104.07821,30.72305
2,47300,1477961650,104.07791,30.72313
2,47300,1477961653,104.0776,30.72322
2,47300,1477961656,104.07729,30.7233
2,47300,1477961659,104.07698,30.72333
2,47300,1477961662,104.07668,30.72331
2,47300,1477961665,104.07634,30.72339
2,47300,1477961668,104.07581,30.72351
2,47300,1477961671,104.07537,30.72361
2,47300,1477961674,104.0749,30.7237
2,47300,1477961677,104.07443,30.72378
2,47300,1477961680,104.07413,30.72383
2,47300,1477961683,104.07365,30.72389
2,47300,1477961686,104.07318,30.72395
2,47300,1477961689,104.07271,30.72401
2,47300,1477961692,104.07205,30.72409
2,47300,1477961695,104.07156,30.72415
2,47300,1477961698,104.07109,30.72421
2,47300,1477961701,104.07066,30.72427
2,47300,1477961704,104.07036,30.7243
2,47300,1477961707,104.06992,30.72437
2,47300,1477961710,104.06949,30.72442
2,47300,1477961713,104.06894,30.72448
2,47300,1477961716,104.06854,30.72453
2,47300,1477961719,104.06816,30.72457
2,47300,1477961722,104.06776,30.72463
2,47300,1477961725,104.06748,30.72466
2,47300,1477961728,104.06706,30.72471
2,47300,1477961731,104.0666,30.72476
2,47300,1477961734,104.06615,30.72482
2,47300,1477961737,104.06553,30.7249
2,47300,1477961740,104.06509,30.72496
2,47300,1477961743,104.06462,30.72501
2,47300,1477961746,104.06415,30.72507
2,47300,1477961749,104.06373,30.72512
2,47300,1477961752,104.06346,30.72515
2,47300,1477961755,104.06308,30.7252
2,47300,1477961758,104.0627,30.72525
2,47300,1477961761,104.06221,30.72531
2,47300,1477961764,104.06187,30.72535
2,47300,1477961767,104.06154,30.72539
2,47300,1477961770,104.06125,30.72543
2,47300,1477961773,104.06098,30.72546
2,47300,1477961776,104.06072,30.72559
2,47300,1477961779,104.06055,30.72564
2,47300,1477961782,104.06027,30.72568
2,47300,1477961785,104.05992,30.72573
2,47300,1477961788,104.05941,30.72579
2,47300,1477961791,104.05902,30.72584
2,47300,1477961794,104.05866,30.72588
2,47300,1477961797,104.05831,30.72592
2,47300,1477961800,104.05808,30.72594
2,47300,1477961803,104.05771,30.72597
2,47300,1477961806,104.05737,30.72599
2,47300,1477961809,104.05702,30.72602
2,47300,1477961812,104.05667,30.72604
2,47300,1477961815,104.05624,30.72607
2,47300,1477961818,104.05596,30.72609
2,47300,1477961821,104.05566,30.72611
2,47300,1477961824,104.05534,30.72613
2,47300,1477961827,104.05501,30.72616
2,47300,1477961830,104.05469,30.72618
2,47300,1477961833,104.05447,30.72619
2,47300,1477961836,104.05418,30.72621
2,47300,1477961839,104.05388,30.72624
2,47300,1477961842,104.05359,30.72626
2,47300,1477961845,104.05322,30.7263
2,47300,1477961848,104.05296,30.72632
2,47300,1477961851,104.05269,30.72634
2,47300,1477961854,104.05252,30.72635
2,47300,1477961857,104.05217,30.72638
2,47300,1477961860,104.05191,30.7264
2,47300,1477961863,104.05165,30.72641
2,47300,1477961866,104.0515,30.72642
2,47300,1477961869,104.05129,30.72643
2,47300,1477961872,104.05109,30.72644
2,47300,1477961875,104.0509,30.72646
2,47300,1477961878,104.05063,30.72647
2,47300,1477961881,104.05048,30.72647
2,47300,1477961884,104.05017,30.72645
2,47300,1477961887,104.04993,30.7264
2,47300,1477961890,104.04968,30.72636
2,47300,1477961893,104.04947,30.72632
2,47300,1477961896,104.04933,30.7263
2,47300,1477961899,104.04913,30.72626
2,47300,1477961902,104.04892,30.72623
2,47300,1477961905,104.04871,30.72618
2,47300,1477961908,104.04856,30.72614
2,47300,1477961911,104.04842,30.7261
2,47300,1477961914,104.04828,30.72606
2,47300,1477961917,104.04813,30.7262
2,47300,1477961920,104.04808,30.7263
2,47300,1477961923,104.04805,30.72637
2,47300,1477961926,104.04797,30.72655
2,47300,1477961929,104.04794,30.72664
2,47300,1477961932,104.0479,30.72673
2,47300,1477961935,104.04787,30.72679
2,47300,1477961938,104.04787,30.7268
2,47300,1477961941,104.04785,30.72683
2,47300,1477961944,104.04777,30.72703
2,47300,1477961947,104.04772,30.72714
2,47300,1477961950,104.04765,30.7273
2,47300,1477961953,104.04758,30.72745
2,47300,1477961956,104.04751,30.72762
2,47300,1477961959,104.04747,30.72772
2,4551,1477959370,104.10273,30.67123
2,4551,1477959373,104.10273,30.67123
2,4551,1477959376,104.10273,30.67123
2,4551,1477959379,104.10273,30.67123
2,4551,1477959382,104.10265,30.67143
2,4551,1477959385,104.10273,30.67124
2,4551,1477959388,104.10281,30.67106
2,4551,1477959391,104.10292,30.67079
2,4551,1477959394,104.10302,30.67055
2,4551,1477959397,104.10311,30.67033
2,4551,1477959400,104.10323,30.67004
2,4551,1477959403,104.10337,30.6697
2,4551,1477959406,104.10344,30.66954
2,4551,1477959409,104.10349,30.66942
2,4551,1477959412,104.10328,30.66906
2,4551,1477959415,104.1031,30.66901
2,4551,1477959418,104.10277,30.66891
2,4551,1477959421,104.10251,30.66883
2,4551,1477959424,104.10223,30.66875
2,4551,1477959430,104.10187,30.66864
2,4551,1477959433,104.1017,30.66859
2,4551,1477959436,104.10157,30.66855
2,4551,1477959442,104.1014,30.6685
2,4551,1477959445,104.10136,30.66849
2,4551,1477959448,104.10136,30.66849
2,4551,1477959451,104.10136,30.66849
2,4551,1477959454,104.10136,30.66849
2,4551,1477959457,104.10136,30.66849
2,4551,1477959460,104.10136,30.66849
2,4551,1477959463,104.10136,30.66849
2,4551,1477959466,104.10135,30.66849
2,4551,1477959472,104.10135,30.66849
2,4551,1477959475,104.10134,30.66849
2,4551,1477959478,104.10132,30.66848
2,4551,1477959481,104.10132,30.66848
2,4551,1477959484,104.10132,30.66848
2,4551,1477959487,104.10132,30.66848
2,4551,1477959490,104.10132,30.66848
2,4551,1477959493,104.10132,30.66848
2,4551,1477959496,104.10125,30.66846
2,4551,1477959499,104.10125,30.66846
2,4551,1477959502,104.10125,30.66846
2,4551,1477959505,104.10125,30.66846
2,4551,1477959508,104.10125,30.66846
2,4551,1477959511,104.10125,30.66846
2,4551,1477959514,104.10123,30.66845
2,4551,1477959517,104.10113,30.66842
2,4551,1477959520,104.10098,30.66838
2,4551,1477959523,104.10085,30.66834
2,4551,1477959526,104.10064,30.66828
2,4551,1477959529,104.10041,30.66821
2,4551,1477959532,104.10023,30.66815
2,4551,1477959535,104.10006,30.66784
2,4551,1477959538,104.10013,30.66767
2,4551,1477959544,104.10034,30.66716
2,4551,1477959547,104.10046,30.66684
2,4551,1477959550,104.10058,30.66656
2,4551,1477959553,104.10066,30.66634
2,4551,1477959556,104.1007,30.66623
2,4551,1477959559,104.10072,30.66619
2,4551,1477959562,104.10072,30.66619
2,4551,1477959565,104.10072,30.66619
2,4551,1477959568,104.10072,30.66619
2,4551,1477959571,104.10068,30.6663
2,4551,1477959574,104.10068,30.6663
2,4551,1477959577,104.10069,30.66627
2,4551,1477959580,104.10072,30.66618
2,4551,1477959583,104.10076,30.66607
2,4551,1477959586,104.10084,30.66588
2,4551,1477959589,104.10093,30.66565
2,4551,1477959592,104.10104,30.66538
2,4551,1477959595,104.10115,30.6651
2,4551,1477959598,104.10126,30.66481
2,4551,1477959601,104.10139,30.6645
2,4551,1477959604,104.10152,30.66418
2,4551,1477959607,104.10164,30.66387
2,4551,1477959610,104.10176,30.66357
2,4551,1477959613,104.10189,30.66322
2,4551,1477959616,104.10196,30.66305
2,4551,1477959619,104.10199,30.66297
2,4551,1477959622,104.102,30.66293
2,4551,1477959625,104.102,30.66293
2,4551,1477959628,104.102,30.66293
2,4551,1477959631,104.102,30.66294
2,4551,1477959634,104.102,30.66294
2,4551,1477959637,104.102,30.66294
2,4551,1477959640,104.102,30.66294
2,4551,1477959643,104.102,30.66294
2,4551,1477959646,104.102,30.66294
2,4551,1477959649,104.102,30.66294
2,4551,1477959652,104.102,30.66294
2,4551,1477959655,104.102,30.66294
2,4551,1477959658,104.102,30.66294
2,4551,1477959664,104.10198,30.663
2,4551,1477959667,104.10198,30.663
2,4551,1477959670,104.10196,30.66306
2,4551,1477959673,104.10196,30.66306
2,4551,1477959676,104.10196,30.66306
2,4551,1477959679,104.10195,30.66308
2,4551,1477959682,104.10196,30.66306
2,4551,1477959685,104.10198,30.66301
2,4551,1477959688,104.10198,30.66298
2,4551,1477959691,104.10213,30.66261
2,4551,1477959694,104.10222,30.6624
2,4551,1477959697,104.10231,30.66218
2,4551,1477959700,104.10238,30.66196
2,4551,1477959703,104.10238,30.66173
2,4551,1477959706,104.10238,30.66156
2,4551,1477959709,104.10237,30.66127
2,4551,1477959712,104.10236,30.66097
2,4551,1477959715,104.10234,30.66066
2,4551,1477959718,104.10231,30.66032
2,4551,1477959721,104.10217,30.65997
2,4551,1477959724,104.102,30.65965
2,4551,1477959727,104.1018,30.65931
2,4551,1477959730,104.1016,30.65897
2,4551,1477959733,104.10139,30.65864
2,4551,1477959736,104.10111,30.6582
2,4551,1477959739,104.10091,30.65788
2,4551,1477959742,104.10072,30.65758
2,4551,1477959745,104.10054,30.65729
2,4551,1477959748,104.10038,30.65703
2,4551,1477959751,104.1002,30.65675
2,4551,1477959754,104.10002,30.65648
2,4551,1477959757,104.09986,30.65622
2,4551,1477959760,104.09976,30.65606
2,4551,1477959763,104.09972,30.656
2,4551,1477959766,104.09965,30.6559
2,4551,1477959769,104.09963,30.65587
2,4551,1477959772,104.09963,30.65587
2,4551,1477959775,104.09963,30.65587
2,4551,1477959778,104.09963,30.65587
2,4551,1477959781,104.09963,30.65587
2,4551,1477959784,104.09963,30.65587
2,4551,1477959787,104.09963,30.65587
2,4551,1477959790,104.09963,30.65587
2,4551,1477959793,104.09963,30.65587
2,4551,1477959796,104.09963,30.65587
2,4551,1477959799,104.09963,30.65587
2,4551,1477959802,104.09963,30.65587
2,4551,1477959805,104.09963,30.65587
2,4551,1477959808,104.09963,30.65587
2,4551,1477959811,104.09963,30.65587
2,4551,1477959814,104.09963,30.65587
2,4551,1477959817,104.09963,30.65587
2,4551,1477959820,104.09963,30.65587
2,4551,1477959823,104.09963,30.65587
2,4551,1477959826,104.09963,30.65587
2,4551,1477959829,104.09963,30.65587
2,4551,1477959832,104.09963,30.65587
2,4551,1477959835,104.09963,30.65587
2,4551,1477959838,104.09963,30.65587
2,4551,1477959841,104.09964,30.65589
2,4551,1477959844,104.09956,30.65576
2,4551,1477959847,104.09945,30.65559
2,4551,1477959850,104.09935,30.65541
2,4551,1477959853,104.09924,30.65523
2,4551,1477959856,104.09912,30.65504
2,4551,1477959859,104.099,30.65483
2,4551,1477959862,104.09889,30.65465
2,4551,1477959865,104.0988,30.65451
2,4551,1477959868,104.09876,30.65443
2,4551,1477959871,104.09873,30.65438
2,4551,1477959880,104.09871,30.65436
2,4551,1477959883,104.09871,30.65436
2,4551,1477959886,104.09871,30.65436
2,4551,1477959889,104.09871,30.65436
2,4551,1477959892,104.09871,30.65436
2,4551,1477959895,104.09871,30.65436
2,4551,1477959898,104.09871,30.65436
2,4551,1477959901,104.09876,30.65444
2,4551,1477959904,104.09876,30.65444
2,4551,1477959907,104.09876,30.65444
2,4551,1477959910,104.09876,30.65444
2,4551,1477959913,104.09876,30.65444
2,4551,1477959916,104.09876,30.65444
2,4551,1477959919,104.09876,30.65444
2,4551,1477959922,104.09876,30.65444
2,4551,1477959925,104.09876,30.65444
2,4551,1477959928,104.09876,30.65444
2,4551,1477959931,104.09876,30.65444
2,4551,1477959934,104.09876,30.65444
2,4551,1477959937,104.09874,30.65441
2,54792,1477990801,104.04825,30.68366
2,54792,1477990804,104.04795,30.6836
2,54792,1477990807,104.04765,30.68353
2,54792,1477990814,104.04711,30.68346
2,54792,1477990816,104.04688,30.68341
2,54792,1477990819,104.0467,30.68336
2,54792,1477990823,104.04649,30.68331
2,54792,1477990828,104.04606,30.68317
2,54792,1477990831,104.04587,30.68309
2,54792,1477990834,104.04574,30.68304
2,54792,1477990837,104.04564,30.68299
2,54792,1477990841,104.04546,30.68299
2,54792,1477990843,104.04524,30.68298
2,54792,1477990846,104.04503,30.68303
2,54792,1477990849,104.04484,30.68304
2,54792,1477990853,104.04468,30.68312
2,54792,1477990855,104.04452,30.68326
2,54792,1477990858,104.04435,30.68341
2,54792,1477990861,104.04426,30.68349
2,54792,1477990864,104.04418,30.68356
2,54792,1477990867,104.04407,30.68364
2,54792,1477990870,104.04395,30.68375
2,54792,1477990874,104.0438,30.68387
2,54792,1477990876,104.04366,30.68396
2,54792,1477990879,104.04351,30.68407
2,54792,1477990882,104.04333,30.68419
2,54792,1477990885,104.04317,30.68429
2,54792,1477990888,104.04303,30.68438
2,54792,1477990892,104.04284,30.68446
2,54792,1477990897,104.04264,30.68464
2,52673,1477995339,104.04847,30.68362
2,52673,1477995342,104.04856,30.68363
2,52673,1477995346,104.04859,30.68364
2,52673,1477995348,104.04862,30.68365
2,52673,1477995351,104.04874,30.68367
2,52673,1477995354,104.04883,30.6837
2,52673,1477995358,104.04893,30.68372
2,52673,1477995360,104.04896,30.68373
2,52673,1477995363,104.04906,30.68375
2,52673,1477995367,104.04922,30.68379
2,52673,1477995369,104.04948,30.68384
2,52673,1477995372,104.04991,30.68393
2,52673,1477995375,104.05023,30.68399
2,52673,1477995378,104.0504,30.68397
2,52673,1477995382,104.05049,30.68399
2,52673,1477995384,104.05056,30.684
2,52673,1477995387,104.05068,30.68403
2,52673,1477995390,104.05085,30.68406
2,52673,1477995394,104.05098,30.68409
2,52673,1477995396,104.05106,30.6841
2,52673,1477995399,104.05122,30.68414
2,52673,1477995402,104.05139,30.68417
2,52673,1477995406,104.05158,30.6842
2,52673,1477995408,104.05173,30.68423
2,52673,1477995411,104.05189,30.68426
2,52673,1477995414,104.052,30.68428
2,52673,1477995418,104.05217,30.68432
2,52673,1477995420,104.05237,30.68438
2,52673,1477995423,104.05232,30.68447
2,52673,1477995427,104.05227,30.68457
2,52673,1477995433,104.05222,30.68474
2,52673,1477995435,104.0522,30.68483
2,52673,1477995439,104.05214,30.68502
2,52673,1477995442,104.05208,30.68526
2,52673,1477995445,104.05202,30.68553
2,52673,1477995448,104.05197,30.6857
2,52673,1477995451,104.05193,30.68586
2,52673,1477995453,104.05188,30.68606
2,52673,1477995457,104.05182,30.68627
2,52673,1477995460,104.05175,30.68653
2,52673,1477995463,104.05169,30.68676
2,52673,1477995466,104.05164,30.68695
2,52673,1477995469,104.05152,30.68741
2,52673,1477995472,104.05142,30.68778
2,52673,1477995475,104.05134,30.6881
2,52673,1477995478,104.05129,30.6884
2,52673,1477995481,104.05123,30.68876
2,52673,1477995484,104.05118,30.68908
2,52673,1477995487,104.05115,30.68929
2,52673,1477995490,104.05113,30.68938
2,52673,1477995493,104.05113,30.68941
2,52673,1477995496,104.05113,30.68941
2,52673,1477995499,104.05113,30.68941
2,52673,1477995502,104.05113,30.68941
2,52673,1477995505,104.05113,30.68939
2,52673,1477995508,104.05113,30.6894
2,52673,1477995511,104.05113,30.6894
2,52673,1477995514,104.05113,30.6894
2,52673,1477995517,104.05113,30.6894
2,52673,1477995520,104.05113,30.6894
2,52673,1477995523,104.05113,30.6894
2,52673,1477995526,104.05111,30.68953
2,52673,1477995529,104.05107,30.68976
2,52673,1477995532,104.05104,30.68992
2,52673,1477995535,104.05101,30.69007
2,52673,1477995538,104.051,30.69018
2,52673,1477995541,104.05097,30.69032
2,52673,1477995544,104.05096,30.69043
2,52673,1477995547,104.05093,30.69059
2,52673,1477995550,104.05091,30.69076
2,52673,1477995553,104.05089,30.69088
2,52673,1477995556,104.05085,30.69112
2,52673,1477995559,104.05083,30.69127
2,52673,1477995562,104.0508,30.69144
2,52673,1477995565,104.05077,30.6916
2,52673,1477995568,104.05075,30.69175
2,52673,1477995571,104.05071,30.69196
2,52673,1477995574,104.05067,30.6922
2,52673,1477995577,104.05063,30.6925
2,52673,1477995580,104.05058,30.69269
2,52673,1477995583,104.05047,30.69297
2,52673,1477995586,104.05038,30.69317
2,52673,1477995589,104.05029,30.69336
2,52673,1477995592,104.0502,30.69353
2,52673,1477995595,104.05008,30.69378
2,52673,1477995598,104.05003,30.69387
2,52673,1477995601,104.05002,30.69389
2,52673,1477995604,104.05002,30.69389
2,52673,1477995607,104.05002,30.69389
2,52673,1477995610,104.05002,30.69389
2,52673,1477995613,104.05002,30.69389
2,52673,1477995616,104.05002,30.69389
2,52673,1477995619,104.05002,30.69389
2,52673,1477995622,104.05002,30.69389
2,52673,1477995625,104.05002,30.69389
2,52673,1477995628,104.05002,30.69389
2,52673,1477995631,104.05002,30.69389
2,52673,1477995634,104.05002,30.69389
2,52673,1477995640,104.05002,30.69389
2,52673,1477995643,104.05002,30.69389
2,52673,1477995646,104.05002,30.69389
2,52673,1477995649,104.05002,30.69389
2,52673,1477995652,104.05002,30.69389
2,52673,1477995655,104.05002,30.69389
2,52673,1477995658,104.05002,30.69389
2,52673,1477995661,104.05002,30.69389
2,52673,1477995664,104.05002,30.69389
2,52673,1477995667,104.05002,30.69389
2,52673,1477995670,104.05002,30.69389
2,52673,1477995673,104.05002,30.69389
2,52673,1477995676,104.05002,30.69389
2,52673,1477995679,104.05002,30.69389
2,52673,1477995682,104.05002,30.69389
2,52673,1477995685,104.05002,30.69389
2,52673,1477995688,104.05002,30.69391
2,52673,1477995691,104.04997,30.694
2,52673,1477995694,104.04989,30.69417
2,52673,1477995697,104.04979,30.69436
2,52673,1477995700,104.04967,30.69457
2,52673,1477995703,104.04955,30.6948
2,52673,1477995706,104.0494,30.69505
2,52673,1477995709,104.04919,30.69539
2,52673,1477995712,104.04909,30.69553
2,52673,1477995715,104.04897,30.6957
2,52673,1477995718,104.04883,30.69591
2,52673,1477995721,104.04874,30.69602
2,52673,1477995724,104.04869,30.6961
2,52673,1477995727,104.04863,30.69618
2,52673,1477995730,104.04854,30.69632
2,52673,1477995733,104.0484,30.69651
2,52673,1477995736,104.04825,30.69671
2,52673,1477995739,104.04807,30.69698
2,52673,1477995742,104.04794,30.69718
2,52673,1477995745,104.04781,30.69737
2,52673,1477995748,104.04768,30.69757
2,52673,1477995751,104.04756,30.69775
2,52673,1477995754,104.04747,30.69788
2,52673,1477995757,104.04735,30.69808
2,52673,1477995760,104.04723,30.69824
2,52673,1477995763,104.04715,30.69837
2,52673,1477995766,104.04707,30.69849
2,52673,1477995769,104.04705,30.69851
2,52673,1477995772,104.04704,30.69853
2,52673,1477995775,104.047,30.69859
2,52673,1477995778,104.04696,30.69865
2,52673,1477995781,104.04693,30.69869
2,52673,1477995784,104.04691,30.69872
2,52673,1477995787,104.04689,30.69875
2,52673,1477995790,104.04686,30.69879
2,52673,1477995793,104.04683,30.69884
2,52673,1477995796,104.04679,30.6989
2,52673,1477995799,104.04676,30.69894
2,52673,1477995802,104.04674,30.69898
2,52673,1477995805,104.04669,30.69904
2,52673,1477995808,104.04669,30.69923
2,52673,1477995811,104.04684,30.69932
2,52673,1477995814,104.04701,30.69943
2,52673,1477995817,104.04719,30.69954
2,52673,1477995820,104.04735,30.69964
2,52673,1477995823,104.04752,30.69974
2,52673,1477995826,104.0477,30.69984
2,52673,1477995829,104.04782,30.69991
2,52673,1477995832,104.04798,30.70001
2,52673,1477995835,104.04809,30.70007
2,52673,1477995838,104.04817,30.70012
2,52673,1477995841,104.04837,30.70024
2,52673,1477995844,104.04865,30.7004
2,52673,1477995847,104.04903,30.70062
2,52673,1477995850,104.04929,30.70077
2,52673,1477995853,104.04942,30.70085
2,52673,1477995856,104.04957,30.70093
2,52673,1477995862,104.04979,30.70106
2,52673,1477995865,104.04987,30.70111
2,52673,1477995868,104.04996,30.70116
2,52673,1477995871,104.05003,30.70121
2,52673,1477995874,104.05011,30.70125
2,52673,1477995877,104.05023,30.70132
2,52673,1477995880,104.05035,30.70139
2,52673,1477995883,104.05053,30.70149
2,52673,1477995886,104.05066,30.70157
2,52673,1477995889,104.05069,30.70169
2,52673,1477995892,104.05064,30.70177
2,52673,1477995895,104.05061,30.70182
2,52673,1477995898,104.0505,30.70197
2,52673,1477995901,104.05034,30.70217
2,52673,1477995904,104.05017,30.70239
2,52673,1477995907,104.05002,30.7026
2,52673,1477995910,104.04983,30.70284
2,52673,1477995913,104.04971,30.70314
2,52673,1477995916,104.04971,30.70333
2,52673,1477995919,104.04972,30.70357
2,52673,1477995922,104.04974,30.70376
2,52673,1477995925,104.04974,30.70385
2,52673,1477995928,104.04976,30.7041
2,52673,1477995931,104.04978,30.70429
2,52673,1477995934,104.04978,30.70434
2,52673,1477995937,104.04979,30.70446
2,52673,1477995940,104.04979,30.70453
2,52673,1477995943,104.0498,30.70456
2,52673,1477995946,104.0498,30.70458
2,52673,1477995949,104.0498,30.70463
2,52673,1477995952,104.04981,30.70484
2,52673,1477995955,104.04982,30.70498
2,52673,1477995958,104.04983,30.70519
2,52673,1477995964,104.04985,30.70557
2,52673,1477995967,104.04986,30.70574
2,52673,1477995973,104.04985,30.70592
2,52673,1477995976,104.04985,30.70595
2,52673,1477995979,104.04971,30.70612
2,52673,1477995982,104.0496,30.70625
2,52673,1477995985,104.0495,30.70638
2,52673,1477995988,104.04939,30.70653
2,52673,1477995992,104.04929,30.70665
2,52673,1477995994,104.04921,30.70675
2,52673,1477995997,104.0492,30.70677
2,52673,1477996000,104.04915,30.70683
2,52673,1477996003,104.04904,30.70696
2,52673,1477996006,104.04883,30.70724
2,52673,1477996009,104.04866,30.70745
2,52673,1477996012,104.04846,30.70759
2,52673,1477996015,104.04833,30.70775
2,52673,1477996018,104.04831,30.70794
2,52673,1477996024,104.04829,30.7082
2,52673,1477996027,104.04828,30.70835
2,52673,1477996030,104.04826,30.70852
2,52673,1477996033,104.04825,30.70864
2,52673,1477996036,104.04823,30.7088
2,52673,1477996039,104.04821,30.70901
2,52673,1477996042,104.04818,30.70923
2,52673,1477996045,104.04814,30.70949
2,52673,1477996048,104.04811,30.70969
2,52673,1477996052,104.04809,30.7098
2,52673,1477996054,104.04809,30.70981
2,52673,1477996057,104.04809,30.70981
2,52673,1477996060,104.04809,30.70981
2,52673,1477996063,104.04809,30.70981
2,52673,1477996066,104.04808,30.70991
2,52673,1477996069,104.04805,30.71005
2,52673,1477996072,104.04804,30.71014
2,52673,1477996075,104.04801,30.71033
2,52673,1477996078,104.04799,30.71041
2,52673,1477996081,104.04798,30.71048
2,52673,1477996084,104.04797,30.71054
2,52673,1477996087,104.04797,30.71056
2,52673,1477996090,104.04797,30.71056
2,52673,1477996094,104.04797,30.71057
2,52673,1477996100,104.04797,30.71058
2,52673,1477996102,104.04797,30.71058
2,52673,1477996106,104.04797,30.71058
2,52673,1477996108,104.04797,30.71058
2,52673,1477996112,104.04797,30.71058
2,52673,1477996114,104.04797,30.71058
2,52673,1477996118,104.04797,30.71058
2,52673,1477996120,104.04797,30.71058
2,52673,1477996123,104.04796,30.71059
2,52673,1477996127,104.04796,30.7106
2,52673,1477996129,104.04795,30.7107
2,52673,1477996132,104.04792,30.71087
2,52673,1477996136,104.0479,30.71096
2,52673,1477996142,104.04791,30.71119
2,52673,1477996144,104.04791,30.71131
2,52673,1477996148,104.0479,30.71143
2,52673,1477996150,104.04788,30.71158
2,52673,1477996154,104.04786,30.71181
2,52673,1477996156,104.04784,30.71197
2,52673,1477996160,104.04783,30.71209
2,52673,1477996163,104.04782,30.71219
2,52673,1477996165,104.0478,30.71233
2,52673,1477996168,104.04778,30.71252
2,52673,1477996172,104.04776,30.7127
2,52673,1477996175,104.04775,30.71284
2,52673,1477996178,104.04774,30.71292
2,52673,1477996181,104.04772,30.71307
2,52673,1477996184,104.0477,30.71321
2,52673,1477996187,104.04769,30.71333
2,52673,1477996190,104.04767,30.71347
2,52673,1477996193,104.04759,30.71366
2,52673,1477996196,104.04745,30.71385
2,52673,1477996199,104.04731,30.71403
2,52673,1477996202,104.0472,30.71418
2,52673,1477996205,104.04713,30.71427
2,52673,1477996208,104.0471,30.71431
2,52673,1477996211,104.0471,30.71431
2,52673,1477996213,104.04709,30.71432
2,24844,1477990801,104.10663,30.72185
2,24844,1477990804,104.10676,30.72218
2,24844,1477990807,104.10687,30.72246
2,24844,1477990810,104.10697,30.72273
2,24844,1477990813,104.1071,30.72305
2,24844,1477990816,104.10714,30.72315
2,24844,1477990819,104.10718,30.72324
2,24844,1477990822,104.10721,30.72333
2,24844,1477990825,104.10723,30.72339
2,24844,1477990828,104.1074,30.72341
2,24844,1477990834,104.10756,30.72339
2,24844,1477990837,104.10762,30.72335
2,24844,1477990840,104.10765,30.72332
2,24844,1477990843,104.1077,30.7233
2,24844,1477990846,104.10778,30.72328
2,24844,1477990849,104.10787,30.72325
2,24844,1477990852,104.10798,30.72322
2,24844,1477990855,104.10809,30.72319
2,24844,1477990858,104.10817,30.72317
2,24844,1477990861,104.10822,30.72315
2,24844,1477990864,104.10829,30.72313
2,24844,1477990867,104.10841,30.7231
2,24844,1477990870,104.10852,30.72306
2,24844,1477990873,104.10864,30.72303
2,24844,1477990876,104.10877,30.72299
2,24844,1477990879,104.10889,30.72296
2,24844,1477990882,104.10904,30.72292
2,24844,1477990885,104.1092,30.72287
2,24844,1477990888,104.10933,30.72283
2,24844,1477990891,104.1094,30.72281
2,24844,1477990894,104.10952,30.72278
2,24844,1477990897,104.10969,30.72273
2,24844,1477990900,104.10987,30.72268
2,24844,1477990903,104.11001,30.72264
2,24844,1477990906,104.11016,30.7226
2,24844,1477990909,104.11036,30.72255
2,24844,1477990912,104.11054,30.72249
2,24844,1477990915,104.11071,30.72245
2,24844,1477990918,104.11086,30.7224
2,24844,1477990921,104.11105,30.72235
2,24844,1477990924,104.11119,30.72231
2,24844,1477990927,104.11133,30.72227
2,24844,1477990930,104.11148,30.72223
2,24844,1477990933,104.11155,30.7222
2,24844,1477990936,104.1116,30.72219
2,24844,1477990939,104.11167,30.72217
2,24844,1477990942,104.1118,30.72213
2,24844,1477990945,104.11195,30.72209
2,24844,1477990949,104.11213,30.72204
2,24844,1477990951,104.11226,30.722
2,24844,1477990954,104.11243,30.72195
2,24844,1477990957,104.11269,30.72189
2,24844,1477990960,104.11297,30.7218
2,24844,1477990963,104.11322,30.72173
2,24844,1477990966,104.11342,30.72167
2,24844,1477990969,104.11343,30.72167
2,24844,1477990972,104.11355,30.72163
2,24844,1477990975,104.11358,30.72163
2,24844,1477990978,104.11361,30.72162
2,24844,1477990981,104.11365,30.72161
2,24844,1477990984,104.11369,30.7216
2,24844,1477990987,104.11373,30.72159
2,24844,1477990990,104.11375,30.72158
2,24844,1477990993,104.11379,30.72157
2,24844,1477990996,104.11384,30.72155
2,24844,1477990999,104.11388,30.72154
2,24844,1477991002,104.11391,30.72153
2,24844,1477991005,104.11398,30.72151
2,24844,1477991008,104.11402,30.7215
2,24844,1477991011,104.11405,30.72149
2,24844,1477991014,104.1141,30.72148
2,24844,1477991017,104.11414,30.72148
2,24844,1477991020,104.11419,30.7214
2,24844,1477991029,104.11402,30.72099
2,24844,1477991032,104.11393,30.72077
2,24844,1477991035,104.1139,30.72069
2,24844,1477991038,104.1139,30.72068
2,24844,1477991044,104.11428,30.72045
2,24844,1477991047,104.11459,30.72047
2,24844,1477991050,104.11489,30.72051
2,24844,1477991053,104.11516,30.72048
2,24844,1477991056,104.11529,30.72046
2,24844,1477991059,104.11531,30.72046
2,24844,1477991060,104.11531,30.72046
2,11825,1477955742,104.12883,30.72178
2,11825,1477955745,104.12809,30.72197
2,11825,1477955748,104.12754,30.72212
2,11825,1477955751,104.12703,30.72226
2,11825,1477955754,104.12651,30.72238
2,11825,1477955760,104.12559,30.72253
2,11825,1477955764,104.12518,30.72257
2,11825,1477955766,104.12487,30.7226
2,11825,1477955769,104.12463,30.72262
2,11825,1477955772,104.12448,30.72263
2,11825,1477955776,104.12436,30.72264
2,11825,1477955782,104.12397,30.72267
2,11825,1477955784,104.12365,30.72269
2,11825,1477955787,104.12328,30.72271
2,11825,1477955791,104.12285,30.72274
2,11825,1477955793,104.1224,30.72278
2,11825,1477955796,104.12172,30.72283
2,11825,1477955804,104.12118,30.72287
2,11825,1477955809,104.1196,30.72299
2,11825,1477955811,104.11909,30.72303
2,11825,1477955815,104.11857,30.72308
2,11825,1477955818,104.11806,30.72314
2,11825,1477955821,104.11756,30.7232
2,11825,1477955823,104.11707,30.72328
2,11825,1477955826,104.1166,30.72336
2,11825,1477955829,104.11619,30.72345
2,11825,1477955832,104.11588,30.72352
2,11825,1477955836,104.11573,30.72355
2,11825,1477955838,104.11558,30.72359
2,11825,1477955842,104.11551,30.72361
2,11825,1477955845,104.11551,30.72361
2,11825,1477955848,104.11551,30.72361
2,11825,1477955850,104.11551,30.72361
2,11825,1477955854,104.11551,30.72361
2,11825,1477955857,104.11551,30.72361
2,11825,1477955860,104.11545,30.72363
2,11825,1477955863,104.11531,30.72366
2,11825,1477955866,104.11513,30.72371
2,11825,1477955869,104.11491,30.72377
2,11825,1477955872,104.11463,30.72385
2,11825,1477955875,104.11429,30.72393
2,11825,1477955877,104.11391,30.72403
2,11825,1477955881,104.11349,30.72413
2,11825,1477955884,104.11307,30.72424
2,11825,1477955887,104.11266,30.72435
2,11825,1477955890,104.11223,30.72446
2,11825,1477955892,104.11193,30.72454
2,11825,1477955895,104.11147,30.72465
2,11825,1477955899,104.111,30.72477
2,11825,1477955902,104.11054,30.72489
2,11825,1477955905,104.11009,30.725
2,11825,1477955908,104.1095,30.72516
2,11825,1477955911,104.10911,30.72527
2,11825,1477955914,104.10885,30.72534
2,11825,1477955917,104.10873,30.72537
2,11825,1477955920,104.10873,30.72537
2,11825,1477955923,104.10873,30.72537
2,11825,1477955926,104.10873,30.72537
2,11825,1477955929,104.10873,30.72537
2,11825,1477955930,104.10873,30.72537
2,11825,1477955932,104.10873,30.72537
2,11825,1477955933,104.10873,30.72537
3,4026,1478014087,104.04278,30.69237
3,4026,1478014090,104.043,30.69251
3,4026,1478014093,104.04335,30.69273
3,4026,1478014096,104.0437,30.69293
3,4026,1478014099,104.04405,30.69312
3,4026,1478014102,104.04442,30.69331
3,4026,1478014105,104.0449,30.6935
3,4026,1478014108,104.04523,30.69362
3,4026,1478014111,104.04552,30.69372
3,4026,1478014114,104.04574,30.69378
3,4026,1478014117,104.04614,30.69388
3,4026,1478014120,104.04657,30.69398
3,4026,1478014123,104.04701,30.69407
3,4026,1478014126,104.04763,30.69415
3,4026,1478014129,104.04812,30.69419
3,4026,1478014132,104.04862,30.69422
3,4026,1478014136,104.04893,30.69424
3,4026,1478014138,104.0493,30.69425
3,4026,1478014142,104.04972,30.69428
3,4026,1478014144,104.05002,30.69429
3,4026,1478014147,104.05032,30.6943
3,4026,1478014151,104.05064,30.69432
3,4026,1478014154,104.051,30.69433
3,4026,1478014158,104.05143,30.69435
3,4026,1478014161,104.05202,30.69438
3,4026,1478014164,104.05249,30.6944
3,4026,1478014167,104.05297,30.69442
3,4026,1478014173,104.05408,30.69448
3,4026,1478014176,104.05432,30.6945
3,4026,1478014179,104.05464,30.69452
3,4026,1478014182,104.05494,30.69453
3,4026,1478014188,104.05579,30.69456
3,4026,1478014191,104.05607,30.69456
3,4026,1478014194,104.05648,30.69458
3,4026,1478014197,104.05686,30.69459
3,4026,1478014200,104.05732,30.69423
3,4026,1478014203,104.05754,30.69421
3,4026,1478014206,104.05774,30.69422
3,4026,1478014209,104.05812,30.6942
3,4026,1478014212,104.05832,30.69418
3,4026,1478014215,104.05858,30.69413
3,4026,1478014218,104.05914,30.69438
3,4026,1478014221,104.05936,30.69464
3,4026,1478014224,104.05985,30.69464
3,4026,1478014227,104.06021,30.69464
3,4026,1478014230,104.06043,30.69464
3,4026,1478014233,104.06081,30.69464
3,4026,1478014236,104.06119,30.69464
3,4026,1478014239,104.06119,30.69464
3,4026,1478014242,104.06191,30.69463
3,4026,1478014245,104.06217,30.69463
3,4026,1478014248,104.06237,30.69463
3,4026,1478014251,104.06241,30.69463
3,4026,1478014254,104.06241,30.69463
3,4026,1478014257,104.06254,30.69463
3,4026,1478014260,104.06264,30.69463
3,4026,1478014263,104.06283,30.69463
3,4026,1478014266,104.06288,30.69463
3,4026,1478014272,104.06308,30.69463
3,4026,1478014275,104.06323,30.69462
3,4026,1478014278,104.06334,30.69462
3,4026,1478014281,104.06353,30.69462
3,4026,1478014284,104.06396,30.69462
3,4026,1478014287,104.06431,30.69462
3,4026,1478014290,104.0646,30.69462
3,4026,1478014293,104.0649,30.69462
3,4026,1478014296,104.0653,30.69462
3,4026,1478014305,104.06545,30.69462
3,4026,1478014308,104.06545,30.69462
3,4026,1478014311,104.06545,30.69462
3,4026,1478014314,104.06545,30.69462
3,4026,1478014317,104.06545,30.69462
3,4026,1478014320,104.06545,30.69462
3,4026,1478014323,104.06545,30.69462
3,4026,1478014326,104.06545,30.69462
3,4026,1478014329,104.06545,30.69462
3,4026,1478014332,104.06545,30.69462
3,4026,1478014335,104.06545,30.69462
3,4026,1478014338,104.06545,30.69462
3,4026,1478014341,104.06545,30.69462
3,4026,1478014344,104.06545,30.69462
3,4026,1478014347,104.06545,30.69462
3,4026,1478014350,104.06545,30.69462
3,4026,1478014353,104.06548,30.69462
3,4026,1478014356,104.06567,30.69462
3,4026,1478014359,104.06588,30.69462
3,4026,1478014362,104.06602,30.69462
3,4026,1478014365,104.06641,30.69486
3,4026,1478014368,104.06643,30.69496
3,4026,1478014371,104.06645,30.69511
3,4026,1478014374,104.06647,30.69527
3,4026,1478014377,104.0665,30.69551
3,4026,1478014380,104.06652,30.69564
3,4026,1478014383,104.06655,30.69581
3,4026,1478014386,104.06658,30.69604
3,4026,1478014392,104.06665,30.69648
3,4026,1478014395,104.06669,30.69674
3,4026,1478014398,104.06674,30.69701
3,4026,1478014401,104.06676,30.69737
3,4026,1478014404,104.06674,30.69768
3,4026,1478014407,104.06672,30.69799
3,4026,1478014410,104.0667,30.6982
3,4026,1478014413,104.06669,30.69851
3,4026,1478014416,104.06665,30.69882
3,4026,1478014419,104.0666,30.69921
3,4026,1478014422,104.06657,30.69937
3,4026,1478014425,104.06653,30.69966
3,4026,1478014428,104.06652,30.69978
3,4026,1478014431,104.0665,30.69992
3,4026,1478014434,104.06648,30.70004
3,4026,1478014437,104.06647,30.7002
3,4026,1478014440,104.06649,30.7004
3,4026,1478014443,104.0665,30.70053
3,4026,1478014446,104.06652,30.70069
3,4026,1478014449,104.06653,30.70083
3,4026,1478014452,104.06654,30.70106
3,4026,1478014455,104.06654,30.70131
3,4026,1478014458,104.06652,30.70154
3,4026,1478014461,104.06649,30.70181
3,4026,1478014467,104.06646,30.7021
3,4026,1478014470,104.06644,30.70216
3,4026,1478014473,104.06643,30.7022
3,4026,1478014476,104.06643,30.7022
3,4026,1478014479,104.06643,30.7022
3,4026,1478014482,104.06643,30.7022
3,4026,1478014485,104.06643,30.7022
3,4026,1478014488,104.06642,30.70226
3,4026,1478014491,104.06639,30.70238
3,4026,1478014494,104.06637,30.70251
3,4026,1478014497,104.06633,30.70274
3,4026,1478014500,104.06631,30.70292
3,4026,1478014503,104.06629,30.70312
3,4026,1478014506,104.06627,30.70327
3,4026,1478014509,104.06625,30.70349
3,4026,1478014512,104.06622,30.70379
3,4026,1478014515,104.06618,30.70403
3,4026,1478014518,104.06616,30.70424
3,4026,1478014521,104.06614,30.70439
3,4026,1478014524,104.06611,30.70459
3,4026,1478014527,104.06605,30.70483
3,4026,1478014530,104.06602,30.70496
3,4026,1478014533,104.066,30.70506
3,4026,1478014537,104.06598,30.70512
3,4026,1478014540,104.06596,30.70523
3,4026,1478014542,104.06592,30.70537
3,4026,1478014545,104.06588,30.70549
3,4026,1478014554,104.0656,30.70599
3,4026,1478014558,104.06552,30.70611
3,4026,1478014560,104.06539,30.7063
3,4026,1478014564,104.06522,30.70655
3,4026,1478014566,104.06511,30.70672
3,4026,1478014569,104.06499,30.7069
3,4026,1478014573,104.06489,30.70705
3,4026,1478014576,104.06479,30.70718
3,4026,1478014579,104.06472,30.70728
3,4026,1478014582,104.06458,30.70748
3,4026,1478014585,104.06446,30.70765
3,4026,1478014588,104.06434,30.70781
3,4026,1478014591,104.06422,30.708
3,4026,1478014594,104.06413,30.70812
3,4026,1478014597,104.06396,30.70835
3,4026,1478014600,104.06385,30.7085
3,4026,1478014603,104.06376,30.70863
3,4026,1478014606,104.06368,30.70875
3,4026,1478014609,104.06361,30.70884
3,4026,1478014612,104.06355,30.70892
3,4026,1478014615,104.06354,30.70894
3,4026,1478014618,104.06354,30.70894
3,4026,1478014621,104.06354,30.70894
3,4026,1478014624,104.06354,30.70894
3,4026,1478014630,104.06351,30.70899
3,4026,1478014633,104.06345,30.70907
3,4026,1478014636,104.06342,30.70912
3,4026,1478014639,104.06342,30.70912
3,4026,1478014642,104.06344,30.70908
3,4026,1478014645,104.06344,30.70908
3,4026,1478014648,104.06344,30.70908
3,4026,1478014650,104.06344,30.70908
3,4026,1478014651,104.06344,30.70908
3,4026,1478014653,104.06344,30.70908
2,875,1477972383,104.04352,30.72258
2,875,1477972386,104.04378,30.72279
2,875,1477972389,104.04412,30.72304
2,875,1477972392,104.0444,30.72325
2,875,1477972396,104.04458,30.72338
2,875,1477972399,104.04495,30.72365
2,875,1477972402,104.04523,30.72385
2,875,1477972407,104.04549,30.72404
2,875,1477972410,104.04567,30.72417
2,875,1477972413,104.04583,30.72428
2,875,1477972416,104.04604,30.72442
2,875,1477972419,104.04628,30.72456
2,875,1477972422,104.04658,30.72474
2,875,1477972425,104.04671,30.72482
2,875,1477972429,104.0469,30.72493
2,875,1477972432,104.04699,30.72498
2,875,1477972435,104.04714,30.72506
2,875,1477972438,104.04727,30.72515
2,875,1477972441,104.04736,30.72524
2,875,1477972444,104.04734,30.72526
2,875,1477972447,104.0473,30.72538
2,875,1477972450,104.04723,30.72552
2,875,1477972454,104.04716,30.72566
2,875,1477972457,104.04706,30.72565
2,875,1477972460,104.04685,30.72557
2,875,1477972463,104.04658,30.72544
2,875,1477972470,104.04625,30.72527
2,875,1477972473,104.0459,30.72508
2,875,1477972476,104.04563,30.72492
2,875,1477972480,104.04533,30.72472
2,875,1477972483,104.04513,30.72459
2,875,1477972486,104.045,30.72449
2,875,1477972491,104.04494,30.72444
2,875,1477972494,104.04478,30.72432
2,875,1477972497,104.04456,30.72415
2,875,1477972500,104.04436,30.724
2,875,1477972504,104.04424,30.72391
2,875,1477972507,104.04398,30.7237
2,875,1477972510,104.04378,30.72353
2,875,1477972517,104.04334,30.72318
